{
  "project_info": {
    "project_number": "542428660509",
    "project_id": "clg-food-app",
    "storage_bucket": "clg-food-app.appspot.com"
  },
  "client": [
    {
      "client_info": {
        "mobilesdk_app_id": "1:542428660509:android:af66268b5ac95d96d117f4",
        "android_client_info": {
          "package_name": "com.example.college_food_ordering_application"
        }
      },
      "oauth_client": [
        {
          "client_id": "542428660509-r6nvjtgoigjnh92jl2g2n1svsdaadia4.apps.googleusercontent.com",
          "client_type": 3
        }
      ],
      "api_key": [
        {
          "current_key": "AIzaSyBFlkXvn1UrdbYpi4JVdvcNmZN_sKEzVxs"
        }
      ],
      "services": {
        "appinvite_service": {
          "other_platform_oauth_client": [
            {
              "client_id": "542428660509-r6nvjtgoigjnh92jl2g2n1svsdaadia4.apps.googleusercontent.com",
              "client_type": 3
            }
          ]
        }
      }
    }
  ],
  "configuration_version": "1"
}